,id,name,localized_name,primary_attr,attack_type,roles,img,icon,base_health,base_health_regen,base_mana,base_mana_regen,base_armor,base_mr,base_attack_min,base_attack_max,base_str,base_agi,base_int,str_gain,agi_gain,int_gain,attack_range,projectile_speed,attack_rate,move_speed,turn_rate,cm_enabled,legs,hero_id,turbo_picks,turbo_wins,pro_ban,pro_win,pro_pick,1_pick,1_win,2_pick,2_win,3_pick,3_win,4_pick,4_win,5_pick,5_win,6_pick,6_win,7_pick,7_win,8_pick,8_win,null_pick,null_win
0,1,npc_dota_hero_antimage,Anti-Mage,agi,Melee,"['Carry', 'Escape', 'Nuker']",/apps/dota2/images/dota_react/heroes/antimage.png?,/apps/dota2/images/dota_react/heroes/icons/antimage.png?,200,0.25,75,0.0,0.0,25,29,33,21,24,12,1.6,2.8,1.8,150,0,1.4,310,,True,2,1,528964,268467,458,69.0,138.0,32639,15865,49256,23918,54214,26382,43697,21401,25427,12107,11493,5454,5333,2551,2048,957,2155060,0
1,2,npc_dota_hero_axe,Axe,str,Melee,"['Initiator', 'Durable', 'Disabler', 'Jungler', 'Carry']",/apps/dota2/images/dota_react/heroes/axe.png?,/apps/dota2/images/dota_react/heroes/icons/axe.png?,200,2.75,75,0.0,-1.0,25,27,31,25,20,18,3.4,2.2,1.6,150,900,1.7,310,,True,2,2,524949,277684,60,31.0,62.0,38236,21024,55878,30120,57242,30361,43812,22728,24648,12588,10570,5257,4830,2378,1340,634,1803110,0
2,3,npc_dota_hero_bane,Bane,int,Ranged,"['Support', 'Disabler', 'Nuker', 'Durable']",/apps/dota2/images/dota_react/heroes/bane.png?,/apps/dota2/images/dota_react/heroes/icons/bane.png?,200,0.25,75,0.0,1.0,25,33,39,22,22,22,2.5,2.5,2.5,400,900,1.7,305,,True,4,3,97542,45197,265,263.0,483.0,7068,3375,10717,5196,12484,6180,11365,5681,7629,3937,4179,2145,2658,1426,1649,879,864492,0
3,4,npc_dota_hero_bloodseeker,Bloodseeker,agi,Melee,"['Carry', 'Disabler', 'Jungler', 'Nuker', 'Initiator']",/apps/dota2/images/dota_react/heroes/bloodseeker.png?,/apps/dota2/images/dota_react/heroes/icons/bloodseeker.png?,200,0.25,75,0.0,2.0,25,35,41,24,22,17,2.7,3.1,2.0,150,900,1.7,300,,True,2,4,315420,152300,232,52.0,100.0,17389,8611,18016,9179,16535,8422,12253,6235,6532,3310,2874,1430,1339,694,504,245,841820,0
4,5,npc_dota_hero_crystal_maiden,Crystal Maiden,int,Ranged,"['Support', 'Disabler', 'Nuker', 'Jungler']",/apps/dota2/images/dota_react/heroes/crystal_maiden.png?,/apps/dota2/images/dota_react/heroes/icons/crystal_maiden.png?,200,0.25,75,1.0,-1.0,25,28,34,18,16,16,2.2,1.6,3.3,600,900,1.7,280,,True,2,5,379655,187178,15,31.0,61.0,28083,14479,37961,19276,39228,19810,29506,14829,16262,8197,7063,3559,3236,1539,911,467,1595317,0
5,6,npc_dota_hero_drow_ranger,Drow Ranger,agi,Ranged,"['Carry', 'Disabler', 'Pusher']",/apps/dota2/images/dota_react/heroes/drow_ranger.png?,/apps/dota2/images/dota_react/heroes/icons/drow_ranger.png?,200,0.25,75,0.0,0.0,25,29,36,16,20,15,1.9,2.9,1.4,625,1250,1.7,295,0.7,True,2,6,1114759,608790,165,44.0,98.0,47330,25350,63284,33874,63996,33868,47728,25166,26036,13529,11057,5618,4744,2382,1301,648,2413390,0
6,7,npc_dota_hero_earthshaker,Earthshaker,str,Melee,"['Support', 'Initiator', 'Disabler', 'Nuker']",/apps/dota2/images/dota_react/heroes/earthshaker.png?,/apps/dota2/images/dota_react/heroes/icons/earthshaker.png?,200,1.0,75,0.0,2.0,25,27,37,22,12,18,3.7,1.4,2.1,150,0,1.7,315,0.9,True,2,7,527519,265058,25,41.0,76.0,23739,11692,35452,17366,40470,19938,33671,16800,19526,9794,8680,4341,4008,1978,1151,557,1949340,0
7,8,npc_dota_hero_juggernaut,Juggernaut,agi,Melee,"['Carry', 'Pusher', 'Escape']",/apps/dota2/images/dota_react/heroes/juggernaut.png?,/apps/dota2/images/dota_react/heroes/icons/juggernaut.png?,200,0.5,75,0.0,0.0,25,16,20,20,34,14,2.2,2.8,1.4,150,0,1.4,305,,True,2,8,925417,478324,112,51.0,109.0,42619,22084,66733,35452,74483,40455,60801,33280,34071,18455,14969,7950,6637,3496,1683,869,2787197,0
8,9,npc_dota_hero_mirana,Mirana,agi,Ranged,"['Carry', 'Support', 'Escape', 'Nuker', 'Disabler']",/apps/dota2/images/dota_react/heroes/mirana.png?,/apps/dota2/images/dota_react/heroes/icons/mirana.png?,200,0.25,75,0.4,-2.0,25,24,30,18,24,22,2.2,3.4,1.9,630,900,1.7,290,,True,2,9,415106,213089,222,175.0,306.0,20406,10544,38895,20040,47594,24522,39278,20165,22260,11571,9918,5113,4342,2225,1948,959,1857256,0
9,10,npc_dota_hero_morphling,Morphling,agi,Ranged,"['Carry', 'Escape', 'Durable', 'Nuker', 'Disabler']",/apps/dota2/images/dota_react/heroes/morphling.png?,/apps/dota2/images/dota_react/heroes/icons/morphling.png?,200,0.25,75,0.0,-2.0,25,9,18,22,24,19,3.0,3.9,1.8,350,1300,1.5,285,0.7,True,0,10,289169,145752,353,70.0,134.0,16578,8164,20955,10170,22340,10879,18627,9161,11874,5580,6315,3040,3428,1678,1596,789,1416049,0
10,11,npc_dota_hero_nevermore,Shadow Fiend,agi,Ranged,"['Carry', 'Nuker']",/apps/dota2/images/dota_react/heroes/nevermore.png?,/apps/dota2/images/dota_react/heroes/icons/nevermore.png?,200,0.25,75,0.3,1.0,25,19,25,19,20,18,2.7,3.5,2.2,500,1200,1.6,305,0.9,True,0,11,864750,415293,56,22.0,56.0,36753,18032,48084,23887,51370,25639,41243,20664,23211,11445,9819,4796,4433,2151,1316,626,2302822,0
11,12,npc_dota_hero_phantom_lancer,Phantom Lancer,agi,Melee,"['Carry', 'Escape', 'Pusher', 'Nuker']",/apps/dota2/images/dota_react/heroes/phantom_lancer.png?,/apps/dota2/images/dota_react/heroes/icons/phantom_lancer.png?,200,1.5,75,0.0,-1.0,25,26,36,19,26,21,2.2,3.2,2.0,150,900,1.7,290,,True,2,12,336962,173175,406,45.0,88.0,21812,11097,26185,12960,24416,11904,17517,8589,9799,4925,4665,2299,2609,1310,1209,625,1174381,0
12,13,npc_dota_hero_puck,Puck,int,Ranged,"['Initiator', 'Disabler', 'Escape', 'Nuker']",/apps/dota2/images/dota_react/heroes/puck.png?,/apps/dota2/images/dota_react/heroes/icons/puck.png?,200,0.5,75,0.5,-3.0,25,22,30,17,22,23,2.4,2.5,3.5,550,900,1.7,290,0.9,True,2,13,231337,105786,732,126.0,249.0,9770,4413,18236,8554,26361,12481,26378,12674,17650,8589,9097,4464,4602,2243,2060,1057,1079416,0
13,14,npc_dota_hero_pudge,Pudge,str,Melee,"['Disabler', 'Initiator', 'Durable', 'Nuker']",/apps/dota2/images/dota_react/heroes/pudge.png?,/apps/dota2/images/dota_react/heroes/icons/pudge.png?,200,2.0,75,0.0,-1.0,25,42,48,25,14,16,3.0,1.4,1.8,175,0,1.7,280,0.7,True,2,14,1979044,899641,17,25.0,53.0,64868,30898,96446,45004,105931,49024,84692,38542,48465,21894,21227,9509,9399,4162,2342,1027,4345678,0
14,15,npc_dota_hero_razor,Razor,agi,Ranged,"['Carry', 'Durable', 'Nuker', 'Pusher']",/apps/dota2/images/dota_react/heroes/razor.png?,/apps/dota2/images/dota_react/heroes/icons/razor.png?,200,1.0,75,0.0,-1.0,25,23,25,22,22,21,2.8,2.6,2.2,475,2000,1.7,290,,True,0,15,204242,100598,455,84.0,173.0,11649,5678,14474,7060,15587,7771,13478,6772,8047,4002,4070,2057,1848,927,675,332,779160,0
15,16,npc_dota_hero_sand_king,Sand King,str,Melee,"['Initiator', 'Disabler', 'Support', 'Nuker', 'Escape', 'Jungler']",/apps/dota2/images/dota_react/heroes/sand_king.png?,/apps/dota2/images/dota_react/heroes/icons/sand_king.png?,200,0.25,75,0.0,0.0,25,23,33,22,19,19,2.7,1.8,1.8,150,900,1.7,290,,True,6,16,318623,172554,400,268.0,495.0,17325,9435,29196,15862,36253,19444,33463,18073,21624,11610,11028,5969,5776,3032,2638,1412,1300675,0
16,17,npc_dota_hero_storm_spirit,Storm Spirit,int,Ranged,"['Carry', 'Escape', 'Nuker', 'Initiator', 'Disabler']",/apps/dota2/images/dota_react/heroes/storm_spirit.png?,/apps/dota2/images/dota_react/heroes/icons/storm_spirit.png?,200,0.25,75,0.5,2.0,25,24,34,21,22,23,2.0,1.9,3.9,480,1100,1.7,285,0.8,True,2,17,423249,191248,444,132.0,226.0,19071,8867,28771,13642,33645,16165,28755,13924,17490,8687,8250,4183,4100,2132,1819,942,1590636,0
17,18,npc_dota_hero_sven,Sven,str,Melee,"['Carry', 'Disabler', 'Initiator', 'Durable', 'Nuker']",/apps/dota2/images/dota_react/heroes/sven.png?,/apps/dota2/images/dota_react/heroes/icons/sven.png?,200,0.25,75,0.0,0.0,25,41,43,22,21,16,3.2,2.2,1.3,150,0,1.9,325,,True,2,18,222139,103947,22,14.0,30.0,14763,6835,17700,7918,16307,7283,10969,4882,5569,2482,2245,1035,986,437,336,147,1014053,0
18,19,npc_dota_hero_tiny,Tiny,str,Melee,"['Carry', 'Nuker', 'Pusher', 'Initiator', 'Durable', 'Disabler']",/apps/dota2/images/dota_react/heroes/tiny.png?,/apps/dota2/images/dota_react/heroes/icons/tiny.png?,200,1.5,75,0.0,0.0,25,31,37,30,0,17,4.0,0.0,2.2,150,900,1.7,295,,True,2,19,512163,260294,933,346.0,662.0,35455,18405,52966,28189,62313,33420,55975,30598,36666,20265,18807,10417,9782,5358,4104,2270,1434747,0
19,20,npc_dota_hero_vengefulspirit,Vengeful Spirit,agi,Ranged,"['Support', 'Initiator', 'Disabler', 'Nuker', 'Escape']",/apps/dota2/images/dota_react/heroes/vengefulspirit.png?,/apps/dota2/images/dota_react/heroes/icons/vengefulspirit.png?,200,0.25,75,0.0,0.0,25,24,30,19,20,19,2.6,3.2,1.5,400,1500,1.7,295,,True,2,20,271826,145340,44,53.0,114.0,12968,6598,21979,11403,26274,13819,23644,12470,14552,7788,7086,3743,3309,1730,1185,628,966339,0
20,21,npc_dota_hero_windrunner,Windranger,int,Ranged,"['Carry', 'Support', 'Disabler', 'Escape', 'Nuker']",/apps/dota2/images/dota_react/heroes/windrunner.png?,/apps/dota2/images/dota_react/heroes/icons/windrunner.png?,200,0.25,75,0.0,-1.0,25,24,36,18,17,18,3.0,1.4,3.6,600,1250,1.5,290,0.8,True,2,21,664076,339939,52,39.0,68.0,30205,15078,44011,21910,49040,24469,39173,19438,22444,11350,9928,4997,4478,2226,1472,745,2342709,0
21,22,npc_dota_hero_zuus,Zeus,int,Ranged,"['Nuker', 'Carry']",/apps/dota2/images/dota_react/heroes/zuus.png?,/apps/dota2/images/dota_react/heroes/icons/zuus.png?,200,0.25,75,0.0,2.0,25,33,41,19,11,22,2.1,1.2,3.3,380,1100,1.7,315,,True,2,22,677810,335407,37,13.0,36.0,26437,12987,38534,19075,41386,20198,32346,15718,17419,8484,7168,3423,2766,1272,604,273,1900013,0
22,23,npc_dota_hero_kunkka,Kunkka,str,Melee,"['Carry', 'Support', 'Disabler', 'Initiator', 'Durable', 'Nuker']",/apps/dota2/images/dota_react/heroes/kunkka.png?,/apps/dota2/images/dota_react/heroes/icons/kunkka.png?,200,0.75,75,0.0,2.0,25,26,36,24,14,18,3.8,1.6,1.8,150,900,1.7,315,,True,2,23,310740,145785,732,188.0,375.0,20381,9620,30524,14482,34462,16689,28683,13882,16589,8038,7512,3562,3595,1707,1558,713,1512877,0
23,25,npc_dota_hero_lina,Lina,int,Ranged,"['Support', 'Carry', 'Nuker', 'Disabler']",/apps/dota2/images/dota_react/heroes/lina.png?,/apps/dota2/images/dota_react/heroes/icons/lina.png?,200,0.25,75,0.0,0.0,25,21,29,20,23,30,2.4,2.4,3.8,670,1000,1.6,290,,True,2,25,485652,211170,415,117.0,215.0,29889,13320,36571,16409,36488,16423,27846,12748,15217,7010,6705,3205,3382,1603,1374,699,1959270,0
24,26,npc_dota_hero_lion,Lion,int,Ranged,"['Support', 'Disabler', 'Nuker', 'Initiator']",/apps/dota2/images/dota_react/heroes/lion.png?,/apps/dota2/images/dota_react/heroes/icons/lion.png?,200,0.25,75,0.0,-1.0,25,29,35,18,18,18,2.2,1.5,3.5,600,900,1.7,290,,True,2,26,803391,360311,61,41.0,108.0,51740,24357,77102,36037,82375,38414,64165,29795,34905,15942,14674,6695,6148,2832,1651,755,3503676,0
25,27,npc_dota_hero_shadow_shaman,Shadow Shaman,int,Ranged,"['Support', 'Pusher', 'Disabler', 'Nuker', 'Initiator']",/apps/dota2/images/dota_react/heroes/shadow_shaman.png?,/apps/dota2/images/dota_react/heroes/icons/shadow_shaman.png?,200,1.0,75,0.0,2.0,25,46,53,23,16,25,2.3,1.6,3.5,400,900,1.7,285,,True,2,27,573113,302713,32,73.0,145.0,38213,19706,50147,26055,51106,26818,39295,20714,22407,11705,10099,5195,4868,2507,1796,932,1979687,0
26,28,npc_dota_hero_slardar,Slardar,str,Melee,"['Carry', 'Durable', 'Initiator', 'Disabler', 'Escape']",/apps/dota2/images/dota_react/heroes/slardar.png?,/apps/dota2/images/dota_react/heroes/icons/slardar.png?,200,0.5,75,0.0,3.0,25,30,38,21,17,15,3.6,2.4,1.5,150,0,1.7,300,,True,0,28,282122,147846,105,52.0,95.0,17297,8643,25055,12557,25879,13103,19639,9951,10540,5323,4416,2236,1974,977,706,353,1099253,0
27,29,npc_dota_hero_tidehunter,Tidehunter,str,Melee,"['Initiator', 'Durable', 'Disabler', 'Nuker', 'Carry']",/apps/dota2/images/dota_react/heroes/tidehunter.png?,/apps/dota2/images/dota_react/heroes/icons/tidehunter.png?,200,0.25,75,0.5,0.0,25,25,31,27,15,18,3.5,1.5,1.7,150,900,1.7,300,,True,2,29,195346,97516,324,89.0,218.0,13484,6689,23685,11654,27332,13228,21499,10379,11853,5698,5122,2379,2215,1027,772,337,1343949,0
28,30,npc_dota_hero_witch_doctor,Witch Doctor,int,Ranged,"['Support', 'Nuker', 'Disabler']",/apps/dota2/images/dota_react/heroes/witch_doctor.png?,/apps/dota2/images/dota_react/heroes/icons/witch_doctor.png?,200,0.25,75,0.0,0.0,25,29,39,18,13,22,2.3,1.4,3.3,600,1200,1.7,300,,True,2,30,484462,243126,13,8.0,19.0,37152,19040,52975,26354,51333,25551,36074,17667,17875,8460,6917,3279,2655,1234,613,303,2012886,0
29,31,npc_dota_hero_lich,Lich,int,Ranged,"['Support', 'Nuker']",/apps/dota2/images/dota_react/heroes/lich.png?,/apps/dota2/images/dota_react/heroes/icons/lich.png?,200,0.25,75,0.75,-1.0,25,24,33,20,17,24,2.1,2.0,3.6,550,900,1.7,295,0.7,True,2,31,254681,127928,17,23.0,70.0,18780,9523,26684,13563,30349,15330,24787,12572,14762,7480,6954,3545,3240,1612,943,440,1225293,0
30,32,npc_dota_hero_riki,Riki,agi,Melee,"['Carry', 'Escape', 'Disabler']",/apps/dota2/images/dota_react/heroes/riki.png?,/apps/dota2/images/dota_react/heroes/icons/riki.png?,200,2.5,75,0.0,3.0,25,41,45,18,18,14,2.6,1.4,1.3,150,900,1.7,315,,True,2,32,355407,184047,58,32.0,62.0,19934,10488,24629,12942,23984,12622,18978,9996,11021,5733,4746,2500,2336,1223,894,440,1006267,0
31,33,npc_dota_hero_enigma,Enigma,int,Ranged,"['Disabler', 'Jungler', 'Initiator', 'Pusher']",/apps/dota2/images/dota_react/heroes/enigma.png?,/apps/dota2/images/dota_react/heroes/icons/enigma.png?,200,0.25,75,0.0,2.0,25,24,30,21,14,19,2.5,1.0,3.6,500,900,1.7,290,,True,0,33,415769,213000,17,13.0,25.0,15968,7831,18711,9547,18020,9173,12593,6523,6717,3448,3002,1549,1371,702,474,234,932890,0
32,34,npc_dota_hero_tinker,Tinker,int,Ranged,"['Carry', 'Nuker', 'Pusher']",/apps/dota2/images/dota_react/heroes/tinker.png?,/apps/dota2/images/dota_react/heroes/icons/tinker.png?,200,0.25,75,0.75,2.0,25,22,28,18,13,30,2.5,1.2,3.3,500,900,1.7,290,,True,2,34,279838,124639,149,8.0,17.0,14387,6611,20806,9864,23131,10950,18616,8773,10840,5062,4894,2372,2487,1211,741,351,1612567,0
33,35,npc_dota_hero_sniper,Sniper,agi,Ranged,"['Carry', 'Nuker']",/apps/dota2/images/dota_react/heroes/sniper.png?,/apps/dota2/images/dota_react/heroes/icons/sniper.png?,200,0.25,75,0.0,-1.0,25,13,19,19,27,15,2.0,3.2,2.6,550,3000,1.7,285,0.7,True,2,35,1435757,742961,31,21.0,36.0,58874,31018,81375,42719,79819,42174,55832,29208,26666,13930,9478,4756,3289,1654,654,316,2954316,0
34,36,npc_dota_hero_necrolyte,Necrophos,int,Ranged,"['Carry', 'Nuker', 'Durable', 'Disabler']",/apps/dota2/images/dota_react/heroes/necrolyte.png?,/apps/dota2/images/dota_react/heroes/icons/necrolyte.png?,200,0.25,75,0.0,1.0,25,26,30,18,12,21,2.3,1.3,2.7,500,1200,1.7,280,,True,2,36,588846,309986,280,84.0,157.0,34423,18627,54362,29298,60748,32680,51100,27375,30868,16481,14200,7542,7083,3700,2524,1304,1526364,0
35,37,npc_dota_hero_warlock,Warlock,int,Ranged,"['Support', 'Initiator', 'Disabler']",/apps/dota2/images/dota_react/heroes/warlock.png?,/apps/dota2/images/dota_react/heroes/icons/warlock.png?,200,0.25,75,0.0,1.0,25,24,34,24,10,25,3.0,1.0,3.1,600,1200,1.7,290,,True,2,37,155702,84955,12,1.0,2.0,8513,4452,13363,7116,14409,7583,11522,6052,6342,3332,2832,1458,1252,610,336,168,620760,0
36,38,npc_dota_hero_beastmaster,Beastmaster,str,Melee,"['Initiator', 'Disabler', 'Durable', 'Nuker']",/apps/dota2/images/dota_react/heroes/beastmaster.png?,/apps/dota2/images/dota_react/heroes/icons/beastmaster.png?,200,0.25,75,0.0,0.0,25,31,35,23,18,16,2.9,1.6,1.9,150,0,1.7,305,,True,2,38,57917,25529,493,76.0,163.0,2662,1257,3855,1811,4523,2241,4076,2091,2885,1518,1728,923,1171,675,842,464,229872,0
37,39,npc_dota_hero_queenofpain,Queen of Pain,int,Ranged,"['Carry', 'Nuker', 'Escape']",/apps/dota2/images/dota_react/heroes/queenofpain.png?,/apps/dota2/images/dota_react/heroes/icons/queenofpain.png?,200,0.25,75,0.0,0.0,25,24,30,18,22,25,2.4,2.5,3.4,550,1500,1.5,290,,True,2,39,349792,162437,506,142.0,296.0,19093,8806,33070,15162,42004,19767,37403,17795,22933,10992,11221,5429,5488,2611,2221,1023,1921671,0
38,40,npc_dota_hero_venomancer,Venomancer,agi,Ranged,"['Support', 'Nuker', 'Initiator', 'Pusher', 'Disabler']",/apps/dota2/images/dota_react/heroes/venomancer.png?,/apps/dota2/images/dota_react/heroes/icons/venomancer.png?,200,0.25,75,0.0,0.0,25,22,25,19,24,19,2.1,2.8,1.8,450,900,1.7,280,,True,0,40,470956,251035,95,38.0,63.0,19110,9901,31011,16382,35455,18808,29331,15783,17085,9165,7566,4034,3609,1978,1199,635,1221480,0
39,41,npc_dota_hero_faceless_void,Faceless Void,agi,Melee,"['Carry', 'Initiator', 'Disabler', 'Escape', 'Durable']",/apps/dota2/images/dota_react/heroes/faceless_void.png?,/apps/dota2/images/dota_react/heroes/icons/faceless_void.png?,200,1.0,75,0.0,1.0,25,37,43,20,19,15,2.4,3.0,1.5,150,900,1.7,300,0.9,True,2,41,456624,222994,202,47.0,90.0,25672,11874,38327,17855,39907,18632,30171,14112,16654,8024,6829,3327,3231,1540,1173,602,1847371,0
40,42,npc_dota_hero_skeleton_king,Wraith King,str,Melee,"['Carry', 'Support', 'Durable', 'Disabler', 'Initiator']",/apps/dota2/images/dota_react/heroes/skeleton_king.png?,/apps/dota2/images/dota_react/heroes/icons/skeleton_king.png?,200,0.25,75,0.0,-1.0,25,38,40,22,16,18,3.0,1.7,1.6,150,0,1.7,315,,True,2,42,596863,332261,310,105.0,222.0,34512,18441,47899,25549,49660,26232,39293,20542,22890,11909,10577,5484,5352,2807,1808,909,2222616,0
41,43,npc_dota_hero_death_prophet,Death Prophet,int,Ranged,"['Carry', 'Pusher', 'Nuker', 'Disabler']",/apps/dota2/images/dota_react/heroes/death_prophet.png?,/apps/dota2/images/dota_react/heroes/icons/death_prophet.png?,200,0.25,75,0.5,1.0,25,23,33,21,14,24,3.1,1.8,3.3,600,1000,1.7,325,0.8,True,2,43,172905,85367,1003,335.0,593.0,11635,5683,15754,7826,18051,9207,16043,8234,10684,5518,5913,3063,3629,1907,2531,1332,518272,0
42,44,npc_dota_hero_phantom_assassin,Phantom Assassin,agi,Melee,"['Carry', 'Escape']",/apps/dota2/images/dota_react/heroes/phantom_assassin.png?,/apps/dota2/images/dota_react/heroes/icons/phantom_assassin.png?,200,0.75,75,0.0,1.0,25,32,34,21,23,15,2.2,3.4,1.4,150,900,1.7,305,,True,2,44,1077563,573262,442,83.0,200.0,53596,27260,70915,35287,71701,34953,53329,25585,29409,13846,12653,5912,5650,2612,1994,920,2912394,0
43,45,npc_dota_hero_pugna,Pugna,int,Ranged,"['Nuker', 'Pusher']",/apps/dota2/images/dota_react/heroes/pugna.png?,/apps/dota2/images/dota_react/heroes/icons/pugna.png?,200,0.25,75,0.5,0.0,25,21,28,19,24,24,2.0,1.3,5.2,630,900,1.7,330,,True,2,45,347006,175883,153,73.0,140.0,15982,7733,22977,11576,25909,13291,23060,11953,14322,7511,7239,3861,3759,2019,1854,989,804554,0
44,46,npc_dota_hero_templar_assassin,Templar Assassin,agi,Ranged,"['Carry', 'Escape']",/apps/dota2/images/dota_react/heroes/templar_assassin.png?,/apps/dota2/images/dota_react/heroes/icons/templar_assassin.png?,200,0.25,75,0.0,0.0,25,30,36,21,23,20,2.4,3.2,2.0,160,900,1.7,305,0.7,True,2,46,314485,151997,834,265.0,472.0,22732,10473,27623,13067,30406,14894,26220,13026,16960,8576,9204,4774,5359,2774,2886,1449,996275,0
45,47,npc_dota_hero_viper,Viper,agi,Ranged,"['Carry', 'Durable', 'Initiator', 'Disabler']",/apps/dota2/images/dota_react/heroes/viper.png?,/apps/dota2/images/dota_react/heroes/icons/viper.png?,200,0.25,75,0.0,-2.0,25,27,29,21,21,17,2.4,2.7,2.0,575,1200,1.7,275,,True,0,47,632403,312362,509,68.0,158.0,31260,15227,37088,18209,36908,18444,26767,13421,14299,7153,6178,3141,3077,1495,1191,591,1509248,0
46,48,npc_dota_hero_luna,Luna,agi,Ranged,"['Carry', 'Nuker', 'Pusher']",/apps/dota2/images/dota_react/heroes/luna.png?,/apps/dota2/images/dota_react/heroes/icons/luna.png?,200,0.5,75,0.0,2.0,25,26,32,21,24,23,2.2,3.4,1.9,330,900,1.7,325,,True,2,48,341070,174518,165,73.0,134.0,20654,10631,29389,15001,31113,15602,24067,11925,13730,6859,6172,3059,2828,1411,1139,550,1593448,0
47,49,npc_dota_hero_dragon_knight,Dragon Knight,str,Melee,"['Carry', 'Pusher', 'Durable', 'Disabler', 'Initiator', 'Nuker']",/apps/dota2/images/dota_react/heroes/dragon_knight.png?,/apps/dota2/images/dota_react/heroes/icons/dragon_knight.png?,200,0.25,75,0.0,0.0,25,32,38,21,19,18,3.4,2.0,1.7,150,900,1.7,310,,True,2,49,166040,81779,167,140.0,263.0,12940,6326,19106,9448,20124,9862,15708,7768,9080,4535,4091,2013,2014,1011,1003,535,783545,0
48,50,npc_dota_hero_dazzle,Dazzle,int,Ranged,"['Support', 'Nuker', 'Disabler']",/apps/dota2/images/dota_react/heroes/dazzle.png?,/apps/dota2/images/dota_react/heroes/icons/dazzle.png?,200,0.25,75,0.0,0.0,25,22,28,18,20,25,2.3,1.7,3.7,575,1200,1.7,305,0.7,True,2,50,373915,196042,30,18.0,41.0,25046,13070,40748,21203,42769,21924,31775,16036,17130,8638,7457,3763,2959,1481,943,464,1791333,0
49,51,npc_dota_hero_rattletrap,Clockwerk,str,Melee,"['Initiator', 'Disabler', 'Durable', 'Nuker']",/apps/dota2/images/dota_react/heroes/rattletrap.png?,/apps/dota2/images/dota_react/heroes/icons/rattletrap.png?,200,0.25,75,0.0,1.0,25,24,26,26,13,18,3.5,2.3,1.5,150,900,1.7,310,,True,2,51,166854,86040,54,80.0,156.0,6169,3032,11684,5824,15236,7512,13436,6636,8266,4055,3816,1931,1838,930,771,394,677443,0
50,52,npc_dota_hero_leshrac,Leshrac,int,Ranged,"['Carry', 'Support', 'Nuker', 'Pusher', 'Disabler']",/apps/dota2/images/dota_react/heroes/leshrac.png?,/apps/dota2/images/dota_react/heroes/icons/leshrac.png?,200,0.25,75,0.0,0.0,25,25,29,20,23,22,2.5,2.8,3.5,575,900,1.7,325,,True,4,52,120624,56891,231,72.0,154.0,5617,2653,8122,3769,9149,4334,8414,3974,5687,2822,3082,1483,1932,964,1157,589,454028,0
51,53,npc_dota_hero_furion,Nature's Prophet,int,Ranged,"['Carry', 'Jungler', 'Pusher', 'Escape', 'Nuker']",/apps/dota2/images/dota_react/heroes/furion.png?,/apps/dota2/images/dota_react/heroes/icons/furion.png?,200,0.25,75,0.75,0.0,25,27,37,21,22,23,2.6,3.6,3.7,600,1125,1.7,295,0.9,True,2,53,452149,232494,36,28.0,49.0,20410,9121,21652,9154,18383,7808,12532,5351,6674,2887,2699,1221,1352,641,631,288,932542,0
52,54,npc_dota_hero_life_stealer,Lifestealer,str,Melee,"['Carry', 'Durable', 'Jungler', 'Escape', 'Disabler']",/apps/dota2/images/dota_react/heroes/life_stealer.png?,/apps/dota2/images/dota_react/heroes/icons/life_stealer.png?,200,0.25,75,0.0,1.0,25,22,28,25,19,15,2.4,2.6,1.8,150,900,1.7,320,0.9,True,2,54,370314,193323,457,68.0,133.0,21233,10813,30905,15511,33115,16980,26376,13248,15358,7885,7140,3488,3300,1631,1193,551,1455548,0
53,55,npc_dota_hero_dark_seer,Dark Seer,int,Melee,"['Initiator', 'Jungler', 'Escape', 'Disabler']",/apps/dota2/images/dota_react/heroes/dark_seer.png?,/apps/dota2/images/dota_react/heroes/icons/dark_seer.png?,200,0.25,75,0.0,2.0,25,33,39,22,18,21,2.6,1.8,2.7,150,900,1.7,295,,True,2,55,161748,84634,116,31.0,66.0,5138,2563,8062,4026,9424,4704,8070,3946,5034,2460,2439,1195,1135,540,471,217,416105,0
54,56,npc_dota_hero_clinkz,Clinkz,agi,Ranged,"['Carry', 'Escape', 'Pusher']",/apps/dota2/images/dota_react/heroes/clinkz.png?,/apps/dota2/images/dota_react/heroes/icons/clinkz.png?,200,0.25,75,0.0,0.0,25,15,21,16,22,18,2.0,2.5,2.2,600,900,1.7,290,,True,2,56,191513,93775,10,15.0,36.0,8961,4325,12180,6080,13678,7048,12087,6348,7741,4031,3779,1981,1917,968,501,242,629106,0
55,57,npc_dota_hero_omniknight,Omniknight,str,Melee,"['Support', 'Durable', 'Nuker']",/apps/dota2/images/dota_react/heroes/omniknight.png?,/apps/dota2/images/dota_react/heroes/icons/omniknight.png?,200,0.25,75,0.0,2.0,25,31,41,23,15,16,3.1,2.0,2.1,150,900,1.7,315,,True,2,57,145202,75428,363,113.0,218.0,7535,3873,13306,6995,17660,9460,17512,9505,12784,7106,7247,3959,4627,2570,2548,1403,472025,0
56,58,npc_dota_hero_enchantress,Enchantress,int,Ranged,"['Support', 'Jungler', 'Pusher', 'Durable', 'Disabler']",/apps/dota2/images/dota_react/heroes/enchantress.png?,/apps/dota2/images/dota_react/heroes/icons/enchantress.png?,200,0.25,75,0.0,1.0,25,23,33,17,19,22,1.7,2.1,3.8,575,900,1.7,320,,True,4,58,237591,123489,311,125.0,235.0,14695,7401,14552,7164,13052,6387,10245,4991,6443,3084,3426,1629,1973,928,1638,786,486658,0
57,59,npc_dota_hero_huskar,Huskar,str,Ranged,"['Carry', 'Durable', 'Initiator']",/apps/dota2/images/dota_react/heroes/huskar.png?,/apps/dota2/images/dota_react/heroes/icons/huskar.png?,200,0.25,75,0.0,-1.0,25,21,26,20,10,18,3.3,1.5,1.5,400,1400,1.6,295,,True,2,59,550586,300006,269,52.0,111.0,36451,19362,44484,24049,44026,24228,34632,19409,20508,11328,9946,5616,5299,2909,2165,1155,1253139,0
58,60,npc_dota_hero_night_stalker,Night Stalker,str,Melee,"['Carry', 'Initiator', 'Durable', 'Disabler', 'Nuker']",/apps/dota2/images/dota_react/heroes/night_stalker.png?,/apps/dota2/images/dota_react/heroes/icons/night_stalker.png?,200,2.0,75,0.0,2.0,25,40,44,23,18,15,3.0,2.2,1.6,150,900,1.7,295,,True,2,60,119377,60056,305,75.0,161.0,8796,4430,15425,7941,19623,10409,17808,9696,11503,6291,5619,2999,2973,1571,1042,546,967350,0
59,61,npc_dota_hero_broodmother,Broodmother,agi,Melee,"['Carry', 'Pusher', 'Escape', 'Nuker']",/apps/dota2/images/dota_react/heroes/broodmother.png?,/apps/dota2/images/dota_react/heroes/icons/broodmother.png?,200,0.25,75,0.0,0.0,25,29,35,18,19,18,3.2,3.4,2.0,150,900,1.7,280,,True,8,61,77176,31512,161,5.0,21.0,3736,1567,3541,1473,3204,1456,2396,1115,1589,790,918,467,716,379,500,270,184161,0
60,62,npc_dota_hero_bounty_hunter,Bounty Hunter,agi,Melee,"['Escape', 'Nuker']",/apps/dota2/images/dota_react/heroes/bounty_hunter.png?,/apps/dota2/images/dota_react/heroes/icons/bounty_hunter.png?,200,1.25,75,0.5,4.0,25,30,38,20,21,22,2.5,2.6,1.9,150,900,1.7,325,,True,2,62,423537,197157,9,14.0,25.0,23433,11548,31995,16017,34550,17411,28289,14211,16438,8294,7269,3699,3516,1799,1155,569,1481049,0
61,63,npc_dota_hero_weaver,Weaver,agi,Ranged,"['Carry', 'Escape']",/apps/dota2/images/dota_react/heroes/weaver.png?,/apps/dota2/images/dota_react/heroes/icons/weaver.png?,200,1.25,75,0.5,0.0,25,37,43,16,17,20,2.0,3.1,2.0,425,900,1.8,275,,True,4,63,490003,250205,402,150.0,311.0,24885,12214,32959,16236,34608,17146,27801,13634,16638,8338,7954,3989,4165,2037,1797,911,1751892,0
62,64,npc_dota_hero_jakiro,Jakiro,int,Ranged,"['Support', 'Nuker', 'Pusher', 'Disabler']",/apps/dota2/images/dota_react/heroes/jakiro.png?,/apps/dota2/images/dota_react/heroes/icons/jakiro.png?,200,0.25,75,0.0,1.0,25,27,35,25,15,26,2.8,1.2,3.0,400,1100,1.7,290,,True,2,64,484711,258891,94,133.0,280.0,29830,16239,49297,26547,58392,31189,49249,26067,29802,15672,13710,7156,6542,3331,2135,1058,2112553,0
63,65,npc_dota_hero_batrider,Batrider,int,Ranged,"['Initiator', 'Jungler', 'Disabler', 'Escape']",/apps/dota2/images/dota_react/heroes/batrider.png?,/apps/dota2/images/dota_react/heroes/icons/batrider.png?,200,1.75,75,0.0,2.0,25,17,21,28,15,22,2.9,1.8,2.9,400,900,1.7,310,0.9,True,2,65,106762,45426,526,57.0,117.0,4901,2086,7674,3299,8905,3919,8262,3640,5518,2560,3012,1419,1908,960,1205,637,351891,0
64,66,npc_dota_hero_chen,Chen,int,Ranged,"['Support', 'Jungler', 'Pusher']",/apps/dota2/images/dota_react/heroes/chen.png?,/apps/dota2/images/dota_react/heroes/icons/chen.png?,200,0.25,75,0.5,-1.0,25,27,37,25,15,19,2.0,2.1,3.2,650,1100,1.7,300,,True,2,66,67615,30860,164,54.0,87.0,2755,1322,3705,1768,4352,2232,4048,2110,2985,1557,1634,846,1011,549,743,398,116908,0
65,67,npc_dota_hero_spectre,Spectre,agi,Melee,"['Carry', 'Durable', 'Escape']",/apps/dota2/images/dota_react/heroes/spectre.png?,/apps/dota2/images/dota_react/heroes/icons/spectre.png?,200,1.5,75,0.0,1.0,25,23,27,23,23,16,2.5,2.1,1.9,150,900,1.7,290,,True,0,67,267614,146931,6,1.0,4.0,13676,7247,22372,11225,23643,11563,16812,8127,7803,3658,2625,1208,815,347,137,47,1381019,0
66,68,npc_dota_hero_ancient_apparition,Ancient Apparition,int,Ranged,"['Support', 'Disabler', 'Nuker']",/apps/dota2/images/dota_react/heroes/ancient_apparition.png?,/apps/dota2/images/dota_react/heroes/icons/ancient_apparition.png?,200,0.25,75,0.0,-1.0,25,21,31,20,20,23,1.9,2.2,3.4,675,1250,1.7,285,,True,0,68,369268,191285,84,41.0,85.0,14296,7404,24950,12931,29529,15286,24051,12414,13919,7185,6102,3067,2646,1344,921,470,1214541,0
67,69,npc_dota_hero_doom_bringer,Doom,str,Melee,"['Carry', 'Disabler', 'Initiator', 'Durable', 'Nuker']",/apps/dota2/images/dota_react/heroes/doom_bringer.png?,/apps/dota2/images/dota_react/heroes/icons/doom_bringer.png?,200,0.25,75,0.0,3.0,25,34,44,24,11,15,3.7,0.9,1.7,200,900,1.9,285,,True,2,69,115073,50695,79,34.0,84.0,7264,3224,12246,5470,14741,6670,12940,6051,8238,3830,3822,1821,1844,873,597,285,777402,0
68,70,npc_dota_hero_ursa,Ursa,agi,Melee,"['Carry', 'Jungler', 'Durable', 'Disabler']",/apps/dota2/images/dota_react/heroes/ursa.png?,/apps/dota2/images/dota_react/heroes/icons/ursa.png?,200,0.5,75,0.0,1.0,25,24,28,25,18,16,2.6,2.6,1.5,150,900,1.7,310,,True,2,70,381132,201498,405,55.0,130.0,20177,9996,29927,15151,34253,17375,28616,14590,17666,8894,8456,4434,4391,2275,1688,873,1609299,0
69,71,npc_dota_hero_spirit_breaker,Spirit Breaker,str,Melee,"['Carry', 'Initiator', 'Disabler', 'Durable', 'Escape']",/apps/dota2/images/dota_react/heroes/spirit_breaker.png?,/apps/dota2/images/dota_react/heroes/icons/spirit_breaker.png?,200,1.25,75,0.0,2.0,25,31,41,28,17,14,3.0,1.7,1.8,150,900,1.9,295,,True,2,71,682743,336451,218,63.0,140.0,29983,14758,43433,21200,47500,22897,38927,18721,22246,10633,9977,4718,4538,2141,1552,710,2414536,0
70,72,npc_dota_hero_gyrocopter,Gyrocopter,agi,Ranged,"['Carry', 'Nuker', 'Disabler']",/apps/dota2/images/dota_react/heroes/gyrocopter.png?,/apps/dota2/images/dota_react/heroes/icons/gyrocopter.png?,200,0.25,75,0.0,2.0,25,16,22,22,26,21,2.5,3.3,2.4,365,3000,1.7,315,,True,2,72,214556,103320,102,105.0,228.0,10210,4831,17576,8434,22987,11005,21113,10330,13048,6325,5948,2906,2782,1356,1093,522,817637,0
71,73,npc_dota_hero_alchemist,Alchemist,str,Melee,"['Carry', 'Support', 'Durable', 'Disabler', 'Initiator', 'Nuker']",/apps/dota2/images/dota_react/heroes/alchemist.png?,/apps/dota2/images/dota_react/heroes/icons/alchemist.png?,200,0.25,75,0.0,-1.0,25,27,33,25,22,25,2.9,1.5,1.8,150,900,1.7,305,,True,2,73,121075,54778,13,10.0,17.0,9663,4619,13208,6478,13397,6687,9667,4931,5397,2746,2380,1240,1046,524,372,173,566831,0
72,74,npc_dota_hero_invoker,Invoker,int,Ranged,"['Carry', 'Nuker', 'Disabler', 'Escape', 'Pusher']",/apps/dota2/images/dota_react/heroes/invoker.png?,/apps/dota2/images/dota_react/heroes/icons/invoker.png?,200,0.25,75,0.0,0.0,25,29,35,18,14,15,2.4,1.9,4.6,600,900,1.7,285,,True,2,74,1075374,526089,672,127.0,265.0,36396,17097,57187,27426,65820,31657,55102,26844,32043,15763,14508,7250,6894,3435,2393,1222,2695975,0
73,75,npc_dota_hero_silencer,Silencer,int,Ranged,"['Carry', 'Support', 'Disabler', 'Initiator', 'Nuker']",/apps/dota2/images/dota_react/heroes/silencer.png?,/apps/dota2/images/dota_react/heroes/icons/silencer.png?,200,0.25,75,0.0,-1.0,25,18,32,19,22,25,2.4,2.4,2.9,600,900,1.7,290,,True,2,75,721484,387700,36,21.0,45.0,41155,22725,63042,34277,65115,34887,48779,25687,26374,13635,10883,5598,4617,2357,1152,603,2397282,0
74,76,npc_dota_hero_obsidian_destroyer,Outworld Devourer,int,Ranged,"['Carry', 'Nuker', 'Disabler']",/apps/dota2/images/dota_react/heroes/obsidian_destroyer.png?,/apps/dota2/images/dota_react/heroes/icons/obsidian_destroyer.png?,200,1.0,75,0.0,2.5,25,19,31,21,22,30,2.9,1.6,4.2,450,900,1.9,320,,True,4,76,294307,146906,421,50.0,99.0,18221,8944,29405,14782,35377,18151,31113,16006,19236,9818,9070,4609,4437,2257,1161,553,1678614,0
75,77,npc_dota_hero_lycan,Lycan,str,Melee,"['Carry', 'Pusher', 'Jungler', 'Durable', 'Escape']",/apps/dota2/images/dota_react/heroes/lycan.png?,/apps/dota2/images/dota_react/heroes/icons/lycan.png?,200,0.25,75,0.0,0.0,25,24,29,26,16,23,3.4,1.7,1.7,150,900,1.7,315,,True,2,77,65080,28911,195,32.0,53.0,3017,1336,3282,1445,3011,1347,2324,1105,1318,628,652,339,409,206,296,160,235860,0
76,78,npc_dota_hero_brewmaster,Brewmaster,str,Melee,"['Carry', 'Initiator', 'Durable', 'Disabler', 'Nuker']",/apps/dota2/images/dota_react/heroes/brewmaster.png?,/apps/dota2/images/dota_react/heroes/icons/brewmaster.png?,200,0.5,75,0.0,-1.0,25,29,36,23,19,15,3.7,2.0,1.6,150,900,1.7,310,,True,2,78,70505,33464,145,53.0,102.0,3368,1628,5290,2606,6489,3234,6259,3092,4527,2313,2405,1226,1377,713,618,318,301566,0
77,79,npc_dota_hero_shadow_demon,Shadow Demon,int,Ranged,"['Support', 'Disabler', 'Initiator', 'Nuker']",/apps/dota2/images/dota_react/heroes/shadow_demon.png?,/apps/dota2/images/dota_react/heroes/icons/shadow_demon.png?,200,0.25,75,0.0,0.0,25,29,33,23,18,22,2.6,2.2,3.6,500,900,1.7,290,,True,2,79,104399,47779,384,176.0,329.0,4159,1814,7025,3284,9129,4352,8529,4049,5561,2654,2723,1384,1421,663,709,347,417000,0
78,80,npc_dota_hero_lone_druid,Lone Druid,agi,Ranged,"['Carry', 'Pusher', 'Jungler', 'Durable']",/apps/dota2/images/dota_react/heroes/lone_druid.png?,/apps/dota2/images/dota_react/heroes/icons/lone_druid.png?,200,0.25,75,0.0,-2.0,25,18,22,18,20,13,2.5,2.8,1.4,550,900,1.6,325,,True,2,80,130033,63133,75,23.0,39.0,7969,4076,10963,5749,12464,6626,11183,5964,7648,4191,4085,2184,2308,1288,809,429,313253,0
79,81,npc_dota_hero_chaos_knight,Chaos Knight,str,Melee,"['Carry', 'Disabler', 'Durable', 'Pusher', 'Initiator']",/apps/dota2/images/dota_react/heroes/chaos_knight.png?,/apps/dota2/images/dota_react/heroes/icons/chaos_knight.png?,200,0.25,75,0.0,2.0,25,29,59,22,18,18,3.2,1.4,1.2,150,900,1.7,325,,True,2,81,317206,172963,182,83.0,167.0,26217,13963,33323,17949,32151,17288,25183,13568,15302,8216,7609,4105,4311,2338,2045,1087,967490,0
80,82,npc_dota_hero_meepo,Meepo,agi,Melee,"['Carry', 'Escape', 'Nuker', 'Disabler', 'Initiator', 'Pusher']",/apps/dota2/images/dota_react/heroes/meepo.png?,/apps/dota2/images/dota_react/heroes/icons/meepo.png?,200,0.25,75,0.0,4.0,25,29,35,24,17,20,2.2,2.2,1.9,150,900,1.7,330,0.7,True,2,82,181916,92354,38,9.0,18.0,9699,5203,8271,4470,7185,3913,5534,3036,3217,1724,1569,827,855,463,329,185,244857,0
81,83,npc_dota_hero_treant,Treant Protector,str,Melee,"['Support', 'Initiator', 'Durable', 'Disabler', 'Escape']",/apps/dota2/images/dota_react/heroes/treant.png?,/apps/dota2/images/dota_react/heroes/icons/treant.png?,200,0.25,75,0.5,-1.0,25,62,70,25,15,20,3.4,2.0,1.8,150,900,1.9,285,,True,2,83,200510,101520,69,63.0,117.0,12523,6406,19761,10276,21237,10975,16983,8793,10146,5204,4830,2544,2604,1376,1122,618,1053134,0
82,84,npc_dota_hero_ogre_magi,Ogre Magi,int,Melee,"['Support', 'Nuker', 'Disabler', 'Durable', 'Initiator']",/apps/dota2/images/dota_react/heroes/ogre_magi.png?,/apps/dota2/images/dota_react/heroes/icons/ogre_magi.png?,200,3.25,75,0.0,5.0,25,34,40,23,14,15,3.3,1.5,2.5,150,900,1.7,290,,True,2,84,1156728,604769,91,164.0,314.0,50806,26456,76297,39917,80147,41872,61302,32282,33164,17343,14322,7528,6471,3368,2223,1167,3217119,0
83,85,npc_dota_hero_undying,Undying,str,Melee,"['Support', 'Durable', 'Disabler', 'Nuker']",/apps/dota2/images/dota_react/heroes/undying.png?,/apps/dota2/images/dota_react/heroes/icons/undying.png?,200,0.25,75,0.25,1.0,25,35,43,22,10,27,2.8,1.2,2.8,150,900,1.7,300,,True,2,85,462137,262085,191,136.0,271.0,29449,16253,41989,22672,41217,22386,31044,16555,17663,9635,8378,4427,4655,2484,1869,995,1209612,0
84,86,npc_dota_hero_rubick,Rubick,int,Ranged,"['Support', 'Disabler', 'Nuker']",/apps/dota2/images/dota_react/heroes/rubick.png?,/apps/dota2/images/dota_react/heroes/icons/rubick.png?,200,0.25,75,0.5,0.0,25,24,30,21,23,25,2.0,2.5,3.1,550,1125,1.7,290,0.7,True,2,86,929417,419696,99,137.0,303.0,29948,13693,52488,23905,67511,30806,61422,28264,38081,17869,17768,8376,8462,4005,3331,1624,2348244,0
85,87,npc_dota_hero_disruptor,Disruptor,int,Ranged,"['Support', 'Disabler', 'Nuker', 'Initiator']",/apps/dota2/images/dota_react/heroes/disruptor.png?,/apps/dota2/images/dota_react/heroes/icons/disruptor.png?,200,0.25,75,0.0,0.0,25,29,33,21,15,20,2.4,1.4,2.9,625,1200,1.7,295,,True,2,87,224731,111411,39,65.0,154.0,15452,7718,27904,13722,33727,16735,27983,13715,16570,8119,7700,3707,3422,1612,1178,548,1559401,0
86,88,npc_dota_hero_nyx_assassin,Nyx Assassin,agi,Melee,"['Disabler', 'Nuker', 'Initiator', 'Escape']",/apps/dota2/images/dota_react/heroes/nyx_assassin.png?,/apps/dota2/images/dota_react/heroes/icons/nyx_assassin.png?,200,2.0,75,0.0,1.0,25,27,31,17,18,21,2.5,2.5,2.1,150,900,1.7,310,,True,6,88,221788,107459,186,62.0,114.0,7488,3567,11936,5632,14064,6905,12634,6281,8007,4006,3621,1844,1682,876,750,363,739634,0
87,89,npc_dota_hero_naga_siren,Naga Siren,agi,Melee,"['Carry', 'Support', 'Pusher', 'Disabler', 'Initiator', 'Escape']",/apps/dota2/images/dota_react/heroes/naga_siren.png?,/apps/dota2/images/dota_react/heroes/icons/naga_siren.png?,200,1.5,75,0.0,3.0,25,23,25,21,21,21,2.8,3.3,2.0,150,900,1.7,330,,True,0,89,128453,67808,88,13.0,31.0,7794,4018,8105,4079,7332,3678,5282,2729,2935,1520,1401,727,742,385,380,216,450817,0
88,90,npc_dota_hero_keeper_of_the_light,Keeper of the Light,int,Ranged,"['Support', 'Nuker', 'Disabler', 'Jungler']",/apps/dota2/images/dota_react/heroes/keeper_of_the_light.png?,/apps/dota2/images/dota_react/heroes/icons/keeper_of_the_light.png?,200,0.25,75,0.0,0.0,25,18,25,18,15,23,2.3,1.6,3.2,600,900,1.7,330,,True,2,90,186771,90078,190,78.0,170.0,10592,5206,15676,7852,17765,8787,15579,7884,9749,4981,5081,2669,2794,1523,1833,1009,577803,0
89,91,npc_dota_hero_wisp,Io,str,Ranged,"['Support', 'Escape', 'Nuker']",/apps/dota2/images/dota_react/heroes/wisp.png?,/apps/dota2/images/dota_react/heroes/icons/wisp.png?,200,0.25,75,0.0,1.0,25,28,34,17,14,23,3.0,1.6,1.7,500,1200,1.7,320,0.7,True,0,91,181923,87176,918,173.0,308.0,8766,4203,12067,5922,13210,6517,11934,5973,8214,4159,4855,2550,2914,1503,1871,932,637489,0
90,92,npc_dota_hero_visage,Visage,int,Ranged,"['Support', 'Nuker', 'Durable', 'Disabler', 'Pusher']",/apps/dota2/images/dota_react/heroes/visage.png?,/apps/dota2/images/dota_react/heroes/icons/visage.png?,200,0.25,75,0.0,-1.0,25,23,33,22,11,22,2.8,1.3,2.9,600,1400,1.7,285,,True,2,92,80154,38944,38,16.0,34.0,3515,1709,3923,1990,4504,2333,4225,2209,3316,1846,2135,1209,1420,804,778,436,200105,0
91,93,npc_dota_hero_slark,Slark,agi,Melee,"['Carry', 'Escape', 'Disabler', 'Nuker']",/apps/dota2/images/dota_react/heroes/slark.png?,/apps/dota2/images/dota_react/heroes/icons/slark.png?,200,1.75,75,0.0,0.0,25,32,40,20,21,16,1.9,1.7,1.7,150,0,1.7,300,0.7,True,2,93,479265,240050,48,12.0,29.0,28615,13900,43951,21028,46521,21867,35366,16346,19318,8888,7940,3675,3394,1611,879,430,2165648,0
92,94,npc_dota_hero_medusa,Medusa,agi,Ranged,"['Carry', 'Disabler', 'Durable']",/apps/dota2/images/dota_react/heroes/medusa.png?,/apps/dota2/images/dota_react/heroes/icons/medusa.png?,200,0.25,75,0.0,-1.0,25,26,32,17,22,23,1.5,3.4,3.4,600,1200,1.7,275,,True,0,94,313968,169826,937,155.0,290.0,24184,12856,37368,20008,38646,20387,28809,14894,15772,8273,7214,3756,3842,1968,1823,924,1510499,0
93,95,npc_dota_hero_troll_warlord,Troll Warlord,agi,Ranged,"['Carry', 'Pusher', 'Disabler', 'Durable']",/apps/dota2/images/dota_react/heroes/troll_warlord.png?,/apps/dota2/images/dota_react/heroes/icons/troll_warlord.png?,200,0.25,75,0.0,-1.0,25,27,35,21,21,13,2.5,3.3,1.0,500,1200,1.7,290,,True,2,95,295480,154128,112,50.0,99.0,17107,8694,17407,8599,15837,7593,11581,5596,6378,3012,2905,1311,1332,599,553,253,721977,0
94,96,npc_dota_hero_centaur,Centaur Warrunner,str,Melee,"['Durable', 'Initiator', 'Disabler', 'Nuker', 'Escape']",/apps/dota2/images/dota_react/heroes/centaur.png?,/apps/dota2/images/dota_react/heroes/icons/centaur.png?,200,0.25,75,0.0,1.0,25,36,38,27,15,15,4.0,1.0,1.6,150,900,1.7,300,,True,4,96,161243,86654,21,26.0,59.0,11051,5936,18389,9600,19020,9941,14213,7334,7515,3865,3128,1569,1406,683,523,268,845382,0
95,97,npc_dota_hero_magnataur,Magnus,str,Melee,"['Initiator', 'Disabler', 'Nuker', 'Escape']",/apps/dota2/images/dota_react/heroes/magnataur.png?,/apps/dota2/images/dota_react/heroes/icons/magnataur.png?,200,0.5,75,0.0,1.0,25,32,40,25,15,19,3.5,2.5,2.1,150,900,1.8,305,0.8,True,4,97,228975,104659,73,40.0,85.0,8780,3948,20655,9593,30380,14438,28493,13762,17467,8354,7876,3842,3577,1785,1197,588,1649866,0
96,98,npc_dota_hero_shredder,Timbersaw,str,Melee,"['Nuker', 'Durable', 'Escape']",/apps/dota2/images/dota_react/heroes/shredder.png?,/apps/dota2/images/dota_react/heroes/icons/shredder.png?,200,0.25,75,0.5,0.0,25,27,31,24,16,23,3.2,1.6,2.7,150,900,1.7,290,,True,2,98,158749,73814,446,87.0,163.0,10131,4620,15108,6991,17035,7799,14195,6528,8961,4172,4635,2143,2569,1147,1234,559,818993,0
97,99,npc_dota_hero_bristleback,Bristleback,str,Melee,"['Carry', 'Durable', 'Initiator', 'Nuker']",/apps/dota2/images/dota_react/heroes/bristleback.png?,/apps/dota2/images/dota_react/heroes/icons/bristleback.png?,200,0.25,75,0.25,1.0,25,30,36,22,17,14,2.5,1.8,2.8,150,900,1.8,295,0.9,True,2,99,546350,287891,57,19.0,39.0,37008,18761,43607,21356,38266,18394,24643,11738,11700,5498,4543,2145,1800,858,466,221,1749568,0
98,100,npc_dota_hero_tusk,Tusk,str,Melee,"['Initiator', 'Disabler', 'Nuker']",/apps/dota2/images/dota_react/heroes/tusk.png?,/apps/dota2/images/dota_react/heroes/icons/tusk.png?,200,0.75,75,0.0,1.0,25,27,31,23,23,18,3.9,2.1,1.7,150,900,1.7,310,0.7,True,2,100,304785,144692,88,124.0,234.0,10669,4805,18004,8295,22696,10532,21330,9922,13921,6631,6953,3294,3372,1621,1605,752,828151,0
99,101,npc_dota_hero_skywrath_mage,Skywrath Mage,int,Ranged,"['Support', 'Nuker', 'Disabler']",/apps/dota2/images/dota_react/heroes/skywrath_mage.png?,/apps/dota2/images/dota_react/heroes/icons/skywrath_mage.png?,200,0.25,75,0.0,-2.0,25,16,26,21,13,25,2.0,0.8,4.1,625,1000,1.7,325,,True,2,101,714931,368233,101,98.0,203.0,37301,19884,49357,26012,49020,25528,38231,20035,22390,11719,10757,5638,5554,2879,2422,1232,1830124,0
100,102,npc_dota_hero_abaddon,Abaddon,str,Melee,"['Support', 'Carry', 'Durable']",/apps/dota2/images/dota_react/heroes/abaddon.png?,/apps/dota2/images/dota_react/heroes/icons/abaddon.png?,200,1.0,75,0.25,-1.0,25,28,38,22,23,18,2.6,1.5,2.0,150,900,1.7,325,0.6,True,2,102,206614,104288,116,66.0,117.0,9081,4602,14776,7377,16822,8407,14133,6946,8461,4237,3805,1918,1822,905,548,270,696780,0
101,103,npc_dota_hero_elder_titan,Elder Titan,str,Melee,"['Initiator', 'Disabler', 'Nuker', 'Durable']",/apps/dota2/images/dota_react/heroes/elder_titan.png?,/apps/dota2/images/dota_react/heroes/icons/elder_titan.png?,200,0.25,75,0.25,0.0,25,23,33,26,14,23,3.0,1.8,1.6,150,900,1.7,310,,True,2,103,89099,44500,6,3.0,9.0,3556,1737,4476,2205,4640,2261,3704,1825,2096,1051,1035,519,628,337,248,120,327131,0
102,104,npc_dota_hero_legion_commander,Legion Commander,str,Melee,"['Carry', 'Disabler', 'Initiator', 'Durable', 'Nuker']",/apps/dota2/images/dota_react/heroes/legion_commander.png?,/apps/dota2/images/dota_react/heroes/icons/legion_commander.png?,200,0.25,75,0.0,0.0,25,35,39,25,18,20,3.3,1.7,2.2,150,900,1.7,330,,True,2,104,563794,272687,307,83.0,180.0,40862,20753,56987,29176,58927,29722,46232,23398,26254,13094,11711,5915,5763,2866,1818,890,2512909,0
103,105,npc_dota_hero_techies,Techies,int,Ranged,"['Nuker', 'Disabler']",/apps/dota2/images/dota_react/heroes/techies.png?,/apps/dota2/images/dota_react/heroes/icons/techies.png?,200,0.25,75,1.0,3.0,25,21,23,19,14,25,2.5,1.3,3.0,700,900,1.7,300,,True,6,105,669247,312695,56,32.0,78.0,26703,13235,41206,20026,49456,23425,44529,20936,28004,12654,12976,5858,6152,2765,2076,923,1526731,0
104,106,npc_dota_hero_ember_spirit,Ember Spirit,agi,Melee,"['Carry', 'Escape', 'Nuker', 'Disabler', 'Initiator']",/apps/dota2/images/dota_react/heroes/ember_spirit.png?,/apps/dota2/images/dota_react/heroes/icons/ember_spirit.png?,200,0.75,75,0.0,-1.0,25,33,37,21,22,20,2.6,2.9,2.2,150,900,1.7,305,,True,2,106,330544,145205,576,238.0,513.0,14538,6481,27071,12130,36610,16554,34522,15752,22116,10098,10595,4873,5149,2346,2664,1276,1399976,0
105,107,npc_dota_hero_earth_spirit,Earth Spirit,str,Melee,"['Nuker', 'Escape', 'Disabler', 'Initiator', 'Durable']",/apps/dota2/images/dota_react/heroes/earth_spirit.png?,/apps/dota2/images/dota_react/heroes/icons/earth_spirit.png?,200,1.0,75,0.0,0.0,25,25,35,22,17,20,3.8,2.4,2.1,150,900,1.7,290,,True,2,107,175089,78305,99,76.0,164.0,7444,3331,10818,4971,13776,6508,12895,6204,8963,4379,4638,2290,2622,1295,1446,740,614952,0
106,108,npc_dota_hero_abyssal_underlord,Underlord,str,Melee,"['Support', 'Nuker', 'Disabler', 'Durable', 'Escape']",/apps/dota2/images/dota_react/heroes/abyssal_underlord.png?,/apps/dota2/images/dota_react/heroes/icons/abyssal_underlord.png?,200,0.25,75,0.0,3.0,25,37,43,25,12,17,3.0,1.6,2.3,200,900,1.7,290,,True,2,108,117471,61392,19,20.0,37.0,5853,3075,10180,5268,12475,6422,10807,5388,6320,3205,2902,1455,1236,584,376,160,583506,0
107,109,npc_dota_hero_terrorblade,Terrorblade,agi,Melee,"['Carry', 'Pusher', 'Nuker']",/apps/dota2/images/dota_react/heroes/terrorblade.png?,/apps/dota2/images/dota_react/heroes/icons/terrorblade.png?,200,1.0,75,0.0,5.0,25,30,36,16,22,19,2.0,4.0,1.6,150,900,1.5,315,,True,2,109,138771,65810,321,85.0,157.0,7597,3547,8876,3998,9180,4155,7481,3442,4378,2042,2257,1009,1412,657,856,384,545888,0
108,110,npc_dota_hero_phoenix,Phoenix,str,Ranged,"['Support', 'Nuker', 'Initiator', 'Escape', 'Disabler']",/apps/dota2/images/dota_react/heroes/phoenix.png?,/apps/dota2/images/dota_react/heroes/icons/phoenix.png?,200,1.0,75,0.0,-1.0,25,26,36,23,12,16,3.6,1.5,1.8,525,1100,1.7,280,0.9,True,2,110,138351,66134,47,38.0,86.0,6992,3390,11418,5599,13168,6370,11335,5494,7046,3418,3553,1751,2016,995,794,395,547209,0
109,111,npc_dota_hero_oracle,Oracle,int,Ranged,"['Support', 'Nuker', 'Disabler', 'Escape']",/apps/dota2/images/dota_react/heroes/oracle.png?,/apps/dota2/images/dota_react/heroes/icons/oracle.png?,200,0.25,75,0.5,1.0,25,13,19,20,15,26,2.4,1.7,3.8,620,900,1.7,295,0.7,True,0,111,130550,61827,54,24.0,54.0,4663,2165,8444,4020,11316,5480,11147,5536,7628,3831,3873,1934,1946,988,724,369,468427,0
110,112,npc_dota_hero_winter_wyvern,Winter Wyvern,int,Ranged,"['Support', 'Disabler', 'Nuker']",/apps/dota2/images/dota_react/heroes/winter_wyvern.png?,/apps/dota2/images/dota_react/heroes/icons/winter_wyvern.png?,200,0.25,75,0.0,0.0,25,14,21,24,16,26,2.6,1.7,3.6,425,700,1.7,285,,True,2,112,172628,86119,64,47.0,99.0,9536,4638,14890,7401,16324,8120,13322,6797,8202,4141,4267,2174,2373,1219,866,450,843538,0
111,113,npc_dota_hero_arc_warden,Arc Warden,agi,Ranged,"['Carry', 'Escape', 'Nuker']",/apps/dota2/images/dota_react/heroes/arc_warden.png?,/apps/dota2/images/dota_react/heroes/icons/arc_warden.png?,200,0.25,75,0.0,-1.0,25,27,37,22,20,24,2.6,3.0,2.6,625,900,1.7,285,0.7,True,2,113,208991,107985,9,2.0,5.0,10102,5033,10687,5538,10244,5446,8115,4339,4962,2701,2486,1369,1287,705,340,173,552835,0
112,114,npc_dota_hero_monkey_king,Monkey King,agi,Melee,"['Carry', 'Escape', 'Disabler', 'Initiator']",/apps/dota2/images/dota_react/heroes/monkey_king.png?,/apps/dota2/images/dota_react/heroes/icons/monkey_king.png?,200,1.0,75,0.0,2.0,25,29,33,18,22,20,2.8,3.7,1.8,300,900,1.7,300,,True,2,114,438214,205278,499,147.0,294.0,24854,11419,33380,15100,36759,16700,31565,14438,19765,9070,9713,4467,4730,2141,2048,978,1904970,0
113,119,npc_dota_hero_dark_willow,Dark Willow,int,Ranged,"['Support', 'Nuker', 'Disabler', 'Escape']",/apps/dota2/images/dota_react/heroes/dark_willow.png?,/apps/dota2/images/dota_react/heroes/icons/dark_willow.png?,200,0.75,75,0.0,-1.0,25,27,35,20,18,21,2.0,1.6,3.5,475,1200,1.5,290,0.7,True,2,119,426528,217191,63,63.0,146.0,17153,8356,21776,10559,22110,10832,17412,8516,10291,5066,4586,2209,2342,1164,885,400,1244214,0
114,120,npc_dota_hero_pangolier,Pangolier,agi,Melee,"['Carry', 'Nuker', 'Disabler', 'Durable', 'Escape', 'Initiator']",/apps/dota2/images/dota_react/heroes/pangolier.png?,/apps/dota2/images/dota_react/heroes/icons/pangolier.png?,200,0.25,75,0.0,1.0,25,33,39,17,18,16,2.5,3.2,1.9,150,900,1.7,300,0.9,True,2,120,173630,80037,525,224.0,401.0,6415,2929,10872,5064,15773,7556,17294,8333,12661,6230,7079,3474,4019,2012,2345,1229,726654,0
115,121,npc_dota_hero_grimstroke,Grimstroke,int,Ranged,"['Support', 'Nuker', 'Disabler', 'Escape']",/apps/dota2/images/dota_react/heroes/grimstroke.png?,/apps/dota2/images/dota_react/heroes/icons/grimstroke.png?,200,0.25,75,0.0,0.0,25,21,25,21,18,25,2.4,1.9,3.8,600,900,1.7,290,,True,0,121,304548,150192,303,270.0,594.0,20388,10044,32097,15973,38581,19130,33599,16611,21164,10523,10194,4992,5189,2509,1959,922,1500106,0
116,123,npc_dota_hero_hoodwink,Hoodwink,agi,Ranged,"['Support', 'Nuker', 'Escape', 'Disabler']",/apps/dota2/images/dota_react/heroes/hoodwink.png?,/apps/dota2/images/dota_react/heroes/icons/hoodwink.png?,200,0.25,75,0.0,0.0,25,22,29,17,24,21,2.0,3.6,2.9,575,1800,2.0,310,0.9,True,4,123,496336,249317,95,168.0,352.0,22332,11280,35252,17799,42655,21675,37030,18656,22311,11130,10359,5151,4928,2490,2110,1024,1599385,0
117,126,npc_dota_hero_void_spirit,Void Spirit,int,Melee,"['Carry', 'Escape', 'Nuker', 'Disabler']",/apps/dota2/images/dota_react/heroes/void_spirit.png?,/apps/dota2/images/dota_react/heroes/icons/void_spirit.png?,200,0.25,75,0.6,-1.0,25,30,34,22,19,24,2.6,2.2,3.1,200,900,1.7,295,0.7,True,2,126,417179,200071,367,144.0,304.0,17464,8479,23789,11684,29666,14621,27640,13804,18733,9383,9475,4669,5094,2519,2199,1024,1562261,0
118,128,npc_dota_hero_snapfire,Snapfire,str,Ranged,"['Support', 'Nuker', 'Disabler', 'Escape']",/apps/dota2/images/dota_react/heroes/snapfire.png?,/apps/dota2/images/dota_react/heroes/icons/snapfire.png?,200,0.75,75,0.0,1.0,25,26,32,20,16,21,3.5,1.9,2.2,500,1800,1.6,300,,True,2,128,315337,150807,187,180.0,405.0,13517,6297,23213,11041,29241,13730,25660,11952,15870,7228,7572,3519,3763,1700,1782,843,1301835,0
119,129,npc_dota_hero_mars,Mars,str,Melee,"['Carry', 'Initiator', 'Disabler', 'Durable']",/apps/dota2/images/dota_react/heroes/mars.png?,/apps/dota2/images/dota_react/heroes/icons/mars.png?,200,0.25,75,0.5,-1.0,25,29,37,23,20,21,3.7,1.7,2.2,250,900,1.8,310,0.8,True,2,129,206879,100595,770,353.0,716.0,13479,6330,24615,11679,32692,15911,31260,15191,20796,10086,10864,5234,6015,2901,2993,1475,1489518,0
120,135,npc_dota_hero_dawnbreaker,Dawnbreaker,str,Melee,"['Carry', 'Durable']",/apps/dota2/images/dota_react/heroes/dawnbreaker.png?,/apps/dota2/images/dota_react/heroes/icons/dawnbreaker.png?,200,0.25,75,0.0,2.0,25,31,35,26,14,20,3.6,1.7,2.2,150,900,1.7,310,0.6,True,2,135,139916,67681,22,27.0,51.0,7056,3460,10778,5399,13388,6741,11722,5973,7787,4074,4056,2069,2345,1207,863,460,856899,0
121,136,npc_dota_hero_marci,Marci,str,Melee,"['Support', 'Carry', 'Initiator', 'Disabler', 'Escape']",/apps/dota2/images/dota_react/heroes/marci.png?,/apps/dota2/images/dota_react/heroes/icons/marci.png?,200,0.25,75,0.0,0.0,25,33,37,23,20,19,3.3,2.4,1.9,150,0,1.7,310,0.9,False,2,136,252530,122311,0,,,11258,5395,16618,8023,21728,10750,20276,9966,13837,6826,7241,3600,4113,2113,1900,942,1852448,0
122,137,npc_dota_hero_primal_beast,Primal Beast,str,Melee,"['Initiator', 'Durable', 'Disabler']",/apps/dota2/images/dota_react/heroes/primal_beast.png?,/apps/dota2/images/dota_react/heroes/icons/primal_beast.png?,200,0.0,75,0.0,2.0,25,36,38,26,15,16,4.3,1.0,1.4,150,900,1.8,305,0.6,False,2,137,732913,348792,0,0.0,0.0,28431,13639,47546,22903,59879,29385,54018,26811,34592,17531,17080,8623,8873,4656,4141,2151,330010,0
